{"total_ovens":184,"created_ovens":623,"liquidated_ovens":156,"TVL":1073112.52354,"total_supply":434629.32316,"collateral_supply":129.09491}