{"total_ovens":186,"created_ovens":624,"liquidated_ovens":156,"TVL":1073112.52354,"total_supply":436196.65638,"collateral_supply":129.01277}