{"total_ovens":160,"created_ovens":592,"liquidated_ovens":153,"TVL":1299378.2626,"total_supply":457705.45344,"collateral_supply":128.47679}