{"total_ovens":185,"created_ovens":625,"liquidated_ovens":158,"TVL":1192112.58098,"total_supply":445332.30036,"collateral_supply":128.52081}