{"total_ovens":163,"created_ovens":587,"liquidated_ovens":152,"TVL":1404486.07346,"total_supply":456739.38551,"collateral_supply":127.02064}