{"total_ovens":156,"created_ovens":587,"liquidated_ovens":153,"TVL":1024344.46593,"total_supply":464512.10958,"collateral_supply":128.03774}