{"total_ovens":163,"created_ovens":586,"liquidated_ovens":151,"TVL":1491571.88823,"total_supply":457682.03677,"collateral_supply":126.99501}