{"total_ovens":185,"TVL":1192112.58098,"Amm_TVL":111875.46905}